"Species","Type","Orthologue","dN/dS","Target %id","Query %id","GOC Score","WGA Coverage","High Confidence"
"Spiny chromis (Acanthochromis polyacanthus)","1-to-1View Gene Tree","tfdp1a  (ENSAPOG00000008568)Compare Regions (MVNR01000505.1:260,016-266,800:-1)View Sequence Alignments","n/a","77.72 %","78.29 %","50","91.26","Yes"
"Panda (Ailuropoda melanoleuca)","1-to-1View Gene Tree","TFDP1  (ENSAMEG00000004645)Compare Regions (GL193365.1:494,285-515,379:-1)View Sequence Alignments","0.03268","95.33 %","94.63 %","100","99.61","Yes"
"Midas cichlid (Amphilophus citrinellus)","1-to-1View Gene Tree","tfdp1a  (ENSACIG00000022588)Compare Regions (CCOE01000607.1:3,069,610-3,074,358:1)View Sequence Alignments","n/a","79.21 %","78.05 %","50","84.40","Yes"
"Clown anemonefish (Amphiprion ocellaris)","1-to-manyView Gene Tree","TFDP1  (ENSAOCG00000013715)Compare Regions (NXFZ01003993.1:188,289-193,012:-1)View Sequence Alignments","n/a","76.52 %","73.90 %","25","87.80","Yes"
"Clown anemonefish (Amphiprion ocellaris)","1-to-manyView Gene Tree","tfdp1a  (ENSAOCG00000016489)Compare Regions (NXFZ01001039.1:1,991-7,212:-1)View Sequence Alignments","n/a","79.65 %","78.29 %","25","6.27","No"
"Orange clownfish (Amphiprion percula)","1-to-1View Gene Tree","tfdp1a  (ENSAPEG00000007359)Compare Regions (12:37,925,997-37,935,605:-1)View Sequence Alignments","n/a","77.97 %","78.54 %","50","91.25","Yes"
"Climbing perch (Anabas testudineus)","1-to-1View Gene Tree","tfdp1a  (ENSATEG00000009617)Compare Regions (OOHO01000008.1:9,723,741-9,734,598:-1)View Sequence Alignments","n/a","78.45 %","79.02 %","25","91.23","Yes"
"Duck (Anas platyrhynchos platyrhynchos)","1-to-1View Gene Tree","TFDP1  (ENSAPLG00000014438)Compare Regions (1:158,494,183-158,533,103:1)View Sequence Alignments","n/a","90.53 %","90.98 %","100","99.05","Yes"
"Anole lizard (Anolis carolinensis)","1-to-1View Gene Tree","TFDP1  (ENSACAG00000000428)Compare Regions (3:106,250,490-106,306,788:1)View Sequence Alignments","n/a","89.59 %","90.24 %","100","100.00","Yes"
"Pink-footed goose (Anser brachyrhynchus)","1-to-1View Gene Tree","TFDP1  (ENSABRG00000013136)Compare Regions (NXHY01000090.1:2,794,676-2,833,720:1)View Sequence Alignments","n/a","90.53 %","90.98 %","100","100.00","Yes"
"Ma's night monkey (Aotus nancymaae)","1-to-manyView Gene Tree","ENSANAG00000019998Compare Regions (KZ206667.1:564,772-637,423:-1)View Sequence Alignments","0.02300","99.15 %","85.37 %","100","98.67","Yes"
"Ma's night monkey (Aotus nancymaae)","1-to-manyView Gene Tree","ENSANAG00000031272Compare Regions (KZ205964.1:5,403,638-5,406,220:1)View Sequence Alignments","0.40844","87.08 %","75.61 %","0","13.75","No"
"Great spotted kiwi (Apteryx haastii)","1-to-manyView Gene Tree","ENSAHAG00000015205Compare Regions (PTFD01000671.1:398,294-422,448:1)View Sequence Alignments","n/a","90.00 %","21.95 %","100","61.55","No"
"Great spotted kiwi (Apteryx haastii)","1-to-manyView Gene Tree","ENSAHAG00000015207Compare Regions (PTFD01000671.1:423,791-431,059:1)View Sequence Alignments","n/a","91.07 %","64.63 %","75","87.81","Yes"
"Little spotted kiwi (Apteryx owenii)","1-to-1View Gene Tree","TFDP1  (ENSAOWG00000014961)Compare Regions (PTFC01000284.1:386,755-431,590:1)View Sequence Alignments","n/a","91.26 %","91.71 %","100","100.00","Yes"
"Okarito brown kiwi (Apteryx rowi)","1-to-1View Gene Tree","TFDP1  (ENSARWG00000016750)Compare Regions (PTFB01000124.1:1,605,039-1,637,834:-1)View Sequence Alignments","n/a","91.18 %","90.73 %","100","99.41","Yes"
"Eastern happy (Astatotilapia calliptera)","1-to-1View Gene Tree","tfdp1a  (ENSACLG00000001941)Compare Regions (16:14,565,579-14,577,825:1)View Sequence Alignments","n/a","77.97 %","78.54 %","50","92.65","Yes"
"Mexican tetra (Astyanax mexicanus)","1-to-manyView Gene Tree","tfdp1b  (ENSAMXG00000016202)Compare Regions (12:20,494,406-20,513,779:1)View Sequence Alignments","n/a","66.67 %","65.85 %","100","0.29","Yes"
"Mexican tetra (Astyanax mexicanus)","1-to-manyView Gene Tree","tfdp1a  (ENSAMXG00000040488)Compare Regions (19:31,930,568-31,942,334:-1)View Sequence Alignments","n/a","79.85 %","79.27 %","25","92.16","Yes"
"American bison (Bison bison bison)","1-to-1View Gene Tree","TFDP1  (ENSBBBG00000020185)Compare Regions (KN265210.1:675,634-684,460:-1)View Sequence Alignments","n/a","83.80 %","80.73 %","100","92.50","Yes"
"Wild yak (Bos mutus)","1-to-1View Gene Tree","TFDP1  (ENSBMUG00000023783)Compare Regions (JH884156.1:321,045-338,741:-1)View Sequence Alignments","n/a","92.68 %","92.68 %","100","100.00","Yes"
"Cow (Bos taurus)","1-to-1View Gene Tree","TFDP1  (ENSBTAG00000019645)Compare Regions (12:86,721,195-86,738,806:1)View Sequence Alignments","n/a","92.68 %","92.68 %","100","100.00","Yes"
"Caenorhabditis elegans (Caenorhabditis elegans)","1-to-manyView Gene Tree","dpl-1  (WBGene00001061)Compare Regions (II:9,169,910-9,172,565:1)View Sequence Alignments","n/a","24.58 %","35.85 %","n/a","n/a","No"
"Ruff (Calidris pugnax)","1-to-1View Gene Tree","TFDP1  (ENSCPUG00000006655)Compare Regions (KQ482179.1:936,710-1,017,069:-1)View Sequence Alignments","n/a","91.00 %","91.22 %","75","88.41","Yes"
"Spoon-billed sandpiper (Calidris pygmaea)","1-to-1View Gene Tree","TFDP1  (ENSCPGG00000007647)Compare Regions (QJSC01007994.1:884,808-927,345:1)View Sequence Alignments","n/a","91.00 %","91.22 %","100","100.00","Yes"
"Marmoset (Callithrix jacchus)","1-to-1View Gene Tree","TFDP1  (ENSCJAG00000006950)Compare Regions (NTIC01000001.1:209,756,792-209,811,630:1)View Sequence Alignments","0.00719","99.76 %","99.76 %","100","100.00","Yes"
"Dog (Canis lupus familiaris)","1-to-1View Gene Tree","TFDP1  (ENSCAFG00000006384)Compare Regions (22:60,870,413-60,897,527:1)View Sequence Alignments","0.04184","93.25 %","94.39 %","100","99.63","Yes"
"Dingo (Canis lupus dingo)","1-to-1View Gene Tree","TFDP1  (ENSCAFG00020015970)Compare Regions (QKWQ01002035.1:501,000-542,829:-1)View Sequence Alignments","0.03311","95.12 %","95.12 %","100","100.00","Yes"
"Goat (Capra hircus)","1-to-1View Gene Tree","TFDP1  (ENSCHIG00000000446)Compare Regions (LWLT01000036.1:274,078-291,816:1)View Sequence Alignments","n/a","92.68 %","92.68 %","100","100.00","Yes"
"Tarsier (Carlito syrichta)","1-to-1View Gene Tree","TFDP1  (ENSTSYG00000032559)Compare Regions (KE928015.1:64,213-86,759:1)View Sequence Alignments","n/a","84.96 %","82.68 %","75","93.47","Yes"
"American beaver (Castor canadensis)","1-to-1View Gene Tree","Tfdp1  (ENSCCNG00000009163)Compare Regions (MTKA01001223.1:246,997-284,898:1)View Sequence Alignments","0.02097","95.85 %","95.85 %","100","100.00","Yes"
"Brazilian guinea pig (Cavia aperea)","1-to-1View Gene Tree","TFDP1  (ENSCAPG00000013184)Compare Regions (AVPZ01000556.1:14,225,838-14,245,233:-1)View Sequence Alignments","n/a","93.43 %","93.66 %","100","99.08","Yes"
"Guinea Pig (Cavia porcellus)","1-to-1View Gene Tree","TFDP1  (ENSCPOG00000013486)Compare Regions (DS562860.1:14,232,003-14,263,835:-1)View Sequence Alignments","n/a","93.43 %","93.66 %","100","99.54","Yes"
"Capuchin (Cebus capucinus imitator)","1-to-manyView Gene Tree","ENSCCAG00000025955Compare Regions (KV390199.1:274,485-341,304:1)View Sequence Alignments","0.02731","98.78 %","99.02 %","100","100.00","Yes"
"Capuchin (Cebus capucinus imitator)","1-to-manyView Gene Tree","ENSCCAG00000030114Compare Regions (KV389995.1:883,089-884,313:-1)View Sequence Alignments","0.40502","86.46 %","76.34 %","0","n/a","No"
"Sooty mangabey (Cercocebus atys)","1-to-1View Gene Tree","TFDP1  (ENSCATG00000042331)Compare Regions (KQ012819.1:6,547,881-6,604,298:1)View Sequence Alignments","0.04843","97.84 %","99.51 %","100","100.00","Yes"
"Abingdon island giant tortoise (Chelonoidis abingdonii)","1-to-1View Gene Tree","TFDP1  (ENSCABG00000013814)Compare Regions (PKMU01001223.1:1,490,969-1,625,732:-1)View Sequence Alignments","n/a","91.50 %","91.95 %","100","93.60","Yes"
"Long-tailed chinchilla (Chinchilla lanigera)","1-to-1View Gene Tree","TFDP1  (ENSCLAG00000003535)Compare Regions (JH721864.1:368,793-408,930:-1)View Sequence Alignments","n/a","94.39 %","94.39 %","100","100.00","Yes"
"Vervet-AGM (Chlorocebus sabaeus)","1-to-1View Gene Tree","TFDP1  (ENSCSAG00000017427)Compare Regions (3:91,581,401-91,607,864:1)View Sequence Alignments","0.12872","98.78 %","98.78 %","100","100.00","Yes"
"Sloth (Choloepus hoffmanni)","1-to-1View Gene Tree","TFDP1  (ENSCHOG00000004467)Compare Regions (GeneScaffold_7626:1,684-21,113:1)View Sequence Alignments","n/a","90.75 %","76.59 %","0","77.89","Yes"
"Painted turtle (Chrysemys picta bellii)","1-to-1View Gene Tree","TFDP1  (ENSCPBG00000013975)Compare Regions (KK083152.1:979,453-1,086,924:-1)View Sequence Alignments","n/a","91.26 %","91.71 %","50","100.00","Yes"
"Ciona intestinalis","1-to-manyView Gene Tree","dp-1  (ENSCING00000001818)Compare Regions (HT000145.1:24,604-28,113:1)View Sequence Alignments","n/a","35.96 %","46.83 %","n/a","43.65","No"
"Ciona savignyi","1-to-manyView Gene Tree","ENSCSAVG00000000311Compare Regions (reftig_5:41,611-49,080:1)View Sequence Alignments","n/a","41.72 %","48.54 %","n/a","43.60","No"
"Angola colobus (Colobus angolensis palliatus)","1-to-1View Gene Tree","TFDP1  (ENSCANG00000043001)Compare Regions (KN979718.1:23,884,932-23,941,848:1)View Sequence Alignments","0.01967","99.76 %","99.76 %","100","100.00","Yes"
"Japanese quail (Coturnix japonica)","1-to-1View Gene Tree","TFDP1  (ENSCJPG00005013541)Compare Regions (1:123,700,299-123,728,259:-1)View Sequence Alignments","n/a","89.22 %","88.78 %","100","99.41","Yes"
"Chinese hamster CHOK1GS (Cricetulus griseus)","1-to-1View Gene Tree","Tfdp1  (ENSCGRG00001024323)Compare Regions (scaffold_21:31,634,636-31,675,140:1)View Sequence Alignments","0.03155","93.20 %","93.66 %","100","99.40","Yes"
"Chinese hamster CriGri (Cricetulus griseus)","1-to-1View Gene Tree","Tfdp1  (ENSCGRG00000002395)Compare Regions (JH001471.1:8,283-49,757:1)View Sequence Alignments","0.03155","93.20 %","93.66 %","50","99.40","Yes"
"Chinese hamster PICR (Cricetulus griseus)","1-to-1View Gene Tree","Tfdp1  (ENSCGRG00015021936)Compare Regions (RAZU01000012.1:4,694,141-4,733,564:-1)View Sequence Alignments","0.02768","94.15 %","94.15 %","100","100.00","Yes"
"Australian saltwater crocodile (Crocodylus porosus)","1-to-1View Gene Tree","TFDP1  (ENSCPRG00005016290)Compare Regions (MDVP01000028.1:92,891,897-92,976,983:-1)View Sequence Alignments","n/a","91.02 %","91.46 %","100","99.04","Yes"
"Blue tit (Cyanistes caeruleus)","1-to-1View Gene Tree","TFDP1  (ENSCCEG00000000559)Compare Regions (PDCF01000014.1:16,758,590-16,796,428:-1)View Sequence Alignments","n/a","90.53 %","90.98 %","100","99.05","Yes"
"Tongue sole (Cynoglossus semilaevis)","1-to-1View Gene Tree","tfdp1a  (ENSCSEG00000004170)Compare Regions (16:3,025,022-3,034,051:1)View Sequence Alignments","n/a","78.40 %","78.78 %","50","87.76","Yes"
"Sheepshead minnow (Cyprinodon variegatus)","1-to-1View Gene Tree","tfdp1a  (ENSCVAG00000014352)Compare Regions (KL653491.1:228,707-247,571:1)View Sequence Alignments","n/a","78.05 %","78.05 %","25","83.85","Yes"
"Zebrafish (Danio rerio)","1-to-manyView Gene Tree","tfdp1b  (ENSDARG00000016304)Compare Regions (1:227,241-243,798:1)View Sequence Alignments","n/a","64.42 %","60.49 %","75","0.59","Yes"
"Zebrafish (Danio rerio)","1-to-manyView Gene Tree","tfdp1a  (ENSDARG00000019293)Compare Regions (9:34,950,942-34,968,429:1)View Sequence Alignments","n/a","79.71 %","79.51 %","25","92.58","Yes"
"Armadillo (Dasypus novemcinctus)","1-to-1View Gene Tree","ENSDNOG00000039251Compare Regions (JH571979.1:881,085-882,045:-1)View Sequence Alignments","n/a","66.89 %","47.80 %","0","n/a","No"
"Kangaroo rat (Dipodomys ordii)","1-to-1View Gene Tree","Tfdp1  (ENSDORG00000001657)Compare Regions (KN672410.1:5,994,664-6,037,736:-1)View Sequence Alignments","0.02999","95.61 %","95.61 %","100","100.00","Yes"
"Emu (Dromaius novaehollandiae)","1-to-1View Gene Tree","TFDP1  (ENSDNVG00000005070)Compare Regions (PTEY01000176.1:1,486,025-1,530,655:-1)View Sequence Alignments","n/a","91.00 %","91.22 %","100","100.00","Yes"
"Drosophila melanogaster (Drosophila melanogaster)","1-to-manyView Gene Tree","Dp  (FBgn0011763)Compare Regions (2R:13,222,433-13,228,202:1)View Sequence Alignments","n/a","40.00 %","43.41 %","n/a","n/a","No"
"Lesser hedgehog tenrec (Echinops telfairi)","1-to-1View Gene Tree","ENSETEG00000002168Compare Regions (GeneScaffold_8403:6,481-20,720:1)View Sequence Alignments","n/a","65.27 %","60.98 %","0","72.04","No"
"Hagfish (Eptatretus burgeri)","1-to-1View Gene Tree","tfdp1a  (ENSEBUG00000001790)Compare Regions (FYBX02010608.1:516,568-677,517:1)View Sequence Alignments","n/a","65.29 %","57.80 %","n/a","50.32","Yes"
"Donkey (Equus asinus asinus)","1-to-1View Gene Tree","TFDP1  (ENSEASG00005021904)Compare Regions (PSZQ01005252.1:482,974-529,042:-1)View Sequence Alignments","0.03016","94.15 %","94.15 %","100","100.00","Yes"
"Horse (Equus caballus)","1-to-1View Gene Tree","TFDP1  (ENSECAG00000013054)Compare Regions (17:80,165,356-80,214,140:1)View Sequence Alignments","0.03751","84.70 %","93.17 %","100","97.13","Yes"
"Northern pike (Esox lucius)","1-to-manyView Gene Tree","tfdp1b  (ENSELUG00000001013)Compare Regions (LG22:2,721,525-2,729,304:1)View Sequence Alignments","n/a","67.49 %","66.83 %","100","14.41","Yes"
"Northern pike (Esox lucius)","1-to-manyView Gene Tree","tfdp1a  (ENSELUG00000020821)Compare Regions (LG16:30,394,790-30,408,085:1)View Sequence Alignments","n/a","66.88 %","76.83 %","50","73.26","Yes"
"Cat (Felis catus)","1-to-1View Gene Tree","TFDP1  (ENSFCAG00000005399)Compare Regions (A1:82,535,889-82,576,090:1)View Sequence Alignments","0.03088","94.13 %","93.90 %","100","100.00","Yes"
"Flycatcher (Ficedula albicollis)","1-to-1View Gene Tree","TFDP1  (ENSFALG00000003322)Compare Regions (JH603176.1:287,525-325,423:1)View Sequence Alignments","n/a","90.53 %","90.98 %","100","99.06","Yes"
"Damara mole rat (Fukomys damarensis)","1-to-1View Gene Tree","TFDP1  (ENSFDAG00000008273)Compare Regions (KN121895.1:376,208-410,956:-1)View Sequence Alignments","n/a","93.90 %","93.90 %","100","100.00","Yes"
"Mummichog (Fundulus heteroclitus)","1-to-1View Gene Tree","tfdp1a  (ENSFHEG00000013896)Compare Regions (KN811310.1:406,002-423,705:1)View Sequence Alignments","n/a","74.59 %","77.32 %","50","84.42","Yes"
"Cod (Gadus morhua)","1-to-1View Gene Tree","tfdp1a  (ENSGMOG00000011559)Compare Regions (GeneScaffold_770:10,335-17,142:-1)View Sequence Alignments","n/a","76.70 %","77.07 %","50","81.85","Yes"
"Chicken (Gallus gallus)","1-to-1View Gene Tree","TFDP1  (ENSGALG00000016823)Compare Regions (1:138,648,967-138,690,320:-1)View Sequence Alignments","n/a","90.27 %","90.49 %","100","99.06","Yes"
"Western mosquitofish (Gambusia affinis)","1-to-1View Gene Tree","tfdp1a  (ENSGAFG00000021259)Compare Regions (NHOQ01000293.1:3,332,686-3,340,742:-1)View Sequence Alignments","n/a","78.05 %","78.05 %","50","84.24","Yes"
"Stickleback (Gasterosteus aculeatus)","1-to-1View Gene Tree","tfdp1a  (ENSGACG00000003108)Compare Regions (groupXVI:7,502,991-7,510,397:-1)View Sequence Alignments","n/a","77.07 %","77.07 %","50","89.78","Yes"
"Agassiz's desert tortoise (Gopherus agassizii)","1-to-1View Gene Tree","TFDP1  (ENSGAGG00000002063)Compare Regions (PPEB01000005.1:862,859-1,008,334:-1)View Sequence Alignments","n/a","91.50 %","91.95 %","100","93.65","Yes"
"Gorilla (Gorilla gorilla gorilla)","1-to-1View Gene Tree","TFDP1  (ENSGGOG00000004908)Compare Regions (13:96,488,822-96,542,941:1)View Sequence Alignments","0.06268","99.27 %","99.51 %","100","100.00","Yes"
"Burton's mouthbrooder (Haplochromis burtoni)","1-to-1View Gene Tree","tfdp1a  (ENSHBUG00000005084)Compare Regions (JH425654.1:603,132-610,250:1)View Sequence Alignments","n/a","82.51 %","69.02 %","50","89.62","Yes"
"Naked mole-rat female (Heterocephalus glaber)","1-to-1View Gene Tree","TFDP1  (ENSHGLG00000003633)Compare Regions (JH602106.1:481,687-515,228:-1)View Sequence Alignments","n/a","92.44 %","92.44 %","100","100.00","Yes"
"Naked mole-rat male (Heterocephalus glaber)","1-to-1View Gene Tree","TFDP1  (ENSHGLG00100014288)Compare Regions (JH167173.1:522,130-556,194:-1)View Sequence Alignments","n/a","92.44 %","92.44 %","100","100.00","Yes"
"Tiger tail seahorse (Hippocampus comes)","1-to-1View Gene Tree","tfdp1a  (ENSHCOG00000004113)Compare Regions (KV880396.1:207,856-216,471:1)View Sequence Alignments","n/a","78.64 %","79.02 %","50","90.07","Yes"
"Channel catfish (Ictalurus punctatus)","1-to-manyView Gene Tree","tfdp1b  (ENSIPUG00000010569)Compare Regions (26:6,799,921-6,813,728:-1)View Sequence Alignments","n/a","69.67 %","66.10 %","100","n/a","Yes"
"Channel catfish (Ictalurus punctatus)","1-to-manyView Gene Tree","tfdp1a  (ENSIPUG00000023520)Compare Regions (6:13,295,982-13,306,649:1)View Sequence Alignments","n/a","81.08 %","80.49 %","0","92.11","Yes"
"Channel catfish (Ictalurus punctatus)","1-to-manyView Gene Tree","ENSIPUG00000024887Compare Regions (5:14,501,338-14,505,539:-1)View Sequence Alignments","n/a","60.13 %","44.88 %","0","n/a","No"
"Squirrel (Ictidomys tridecemlineatus)","1-to-1View Gene Tree","TFDP1  (ENSSTOG00000002592)Compare Regions (JH393282.1:184,786-214,630:-1)View Sequence Alignments","n/a","93.41 %","93.41 %","100","100.00","Yes"
"Lesser Egyptian jerboa (Jaculus jaculus)","1-to-1View Gene Tree","Tfdp1  (ENSJJAG00000011213)Compare Regions (JH725497.1:13,708,457-13,770,865:1)View Sequence Alignments","0.02200","94.63 %","94.63 %","100","100.00","Yes"
"Dark-eyed junco (Junco hyemalis)","1-to-1View Gene Tree","TFDP1  (ENSJHYG00000003621)Compare Regions (QZWM01000963.1:88,856,754-88,893,402:-1)View Sequence Alignments","n/a","90.05 %","90.49 %","100","99.05","Yes"
"Mangrove rivulus (Kryptolebias marmoratus)","1-to-1View Gene Tree","tfdp1a  (ENSKMAG00000000634)Compare Regions (LWHD01000016.1:1,117,188-1,125,773:1)View Sequence Alignments","n/a","77.91 %","78.29 %","50","83.62","Yes"
"Ballan wrasse (Labrus bergylta)","1-to-manyView Gene Tree","tfdp1a  (ENSLBEG00000001874)Compare Regions (FKLU01000317.1:572,988-584,688:1)View Sequence Alignments","n/a","79.35 %","77.80 %","50","91.95","Yes"
"Ballan wrasse (Labrus bergylta)","1-to-manyView Gene Tree","ENSLBEG00000012429Compare Regions (FKLU01003464.1:8,391-18,813:-1)View Sequence Alignments","n/a","78.71 %","50.49 %","25","n/a","No"
"Coelacanth (Latimeria chalumnae)","1-to-1View Gene Tree","TFDP1  (ENSLACG00000011116)Compare Regions (JH126990.1:569,283-661,583:1)View Sequence Alignments","n/a","86.17 %","86.59 %","100","67.86","Yes"
"Blue-crowned manakin (Lepidothrix coronata)","1-to-1View Gene Tree","TFDP1  (ENSLCOG00000004398)Compare Regions (KV388153.1:3,112,312-3,149,802:-1)View Sequence Alignments","n/a","90.75 %","90.98 %","100","99.05","Yes"
"Spotted gar (Lepisosteus oculatus)","1-to-1View Gene Tree","tfdp1a  (ENSLOCG00000009902)Compare Regions (LG17:27,441,571-27,459,054:1)View Sequence Alignments","n/a","75.68 %","75.12 %","100","95.61","Yes"
"Bengalese finch (Lonchura striata domestica)","1-to-1View Gene Tree","TFDP1  (ENSLSDG00000009210)Compare Regions (MUZQ01000048.1:3,039,328-3,075,535:1)View Sequence Alignments","n/a","90.78 %","91.22 %","100","99.05","Yes"
"Elephant (Loxodonta africana)","1-to-manyView Gene Tree","ENSLAFG00000007927Compare Regions (scaffold_27:13,168,591-13,232,891:-1)View Sequence Alignments","0.03139","94.84 %","94.15 %","100","99.63","Yes"
"Elephant (Loxodonta africana)","1-to-manyView Gene Tree","ENSLAFG00000026968Compare Regions (scaffold_56:3,570,901-3,572,365:-1)View Sequence Alignments","n/a","79.14 %","72.20 %","0","n/a","No"
"Crab-eating macaque (Macaca fascicularis)","1-to-1View Gene Tree","TFDP1  (ENSMFAG00000035619)Compare Regions (17:96,069,737-96,126,295:1)View Sequence Alignments","n/a","100.00 %","100.00 %","100","100.00","Yes"
"Macaque (Macaca mulatta)","1-to-1View Gene Tree","TFDP1  (ENSMMUG00000007423)Compare Regions (17:95,051,919-95,108,566:1)View Sequence Alignments","n/a","100.00 %","100.00 %","100","100.00","Yes"
"Pig-tailed macaque (Macaca nemestrina)","1-to-1View Gene Tree","TFDP1  (ENSMNEG00000045023)Compare Regions (KQ004863.1:576,716-633,572:-1)View Sequence Alignments","n/a","100.00 %","100.00 %","100","100.00","Yes"
"Golden-collared manakin (Manacus vitellinus)","1-to-1View Gene Tree","TFDP1  (ENSMVIG00005017080)Compare Regions (MCBO02000838.1:23,784,424-23,821,695:1)View Sequence Alignments","n/a","90.75 %","90.98 %","100","99.05","Yes"
"Drill (Mandrillus leucophaeus)","1-to-1View Gene Tree","TFDP1  (ENSMLEG00000030254)Compare Regions (KN974108.1:673,088-728,761:-1)View Sequence Alignments","n/a","100.00 %","100.00 %","100","100.00","Yes"
"Alpine marmot (Marmota marmota marmota)","1-to-1View Gene Tree","TFDP1  (ENSMMMG00000014381)Compare Regions (CZRN01000014.1:411,686-441,037:-1)View Sequence Alignments","0.03335","92.93 %","92.93 %","100","100.00","Yes"
"Zig-zag eel (Mastacembelus armatus)","1-to-1View Gene Tree","tfdp1a  (ENSMAMG00000016403)Compare Regions (OOHQ01000093.1:17,316,807-17,325,220:1)View Sequence Alignments","n/a","77.72 %","78.29 %","50","91.29","Yes"
"Zebra mbuna (Maylandia zebra)","1-to-1View Gene Tree","tfdp1a  (ENSMZEG00005022098)Compare Regions (LG16:13,112,559-13,124,404:1)View Sequence Alignments","n/a","77.97 %","78.54 %","50","92.65","Yes"
"Turkey (Meleagris gallopavo)","1-to-1View Gene Tree","TFDP1  (ENSMGAG00000014844)Compare Regions (1:144,502,823-144,527,656:-1)View Sequence Alignments","n/a","90.13 %","86.83 %","100","99.03","Yes"
"Budgerigar (Melopsittacus undulatus)","1-to-1View Gene Tree","TFDP1  (ENSMUNG00000012638)Compare Regions (JH556609.1:74,313-115,925:1)View Sequence Alignments","n/a","91.24 %","91.46 %","100","100.00","Yes"
"Mongolian gerbil (Meriones unguiculatus)","1-to-manyView Gene Tree","ENSMUGG00000014553Compare Regions (NHTI01001030.1:99,314-137,090:1)View Sequence Alignments","0.02860","93.41 %","93.41 %","100","n/a","Yes"
"Mongolian gerbil (Meriones unguiculatus)","1-to-manyView Gene Tree","ENSMUGG00000014737Compare Regions (NHTI01001030.1:393,890-431,661:-1)View Sequence Alignments","0.02860","93.41 %","93.41 %","100","100.00","Yes"
"Golden Hamster (Mesocricetus auratus)","1-to-1View Gene Tree","Tfdp1  (ENSMAUG00000010456)Compare Regions (KB708259.1:5,350,899-5,389,745:-1)View Sequence Alignments","0.03143","92.96 %","93.41 %","100","99.40","Yes"
"Mouse Lemur (Microcebus murinus)","1-to-1View Gene Tree","TFDP1  (ENSMICG00000036011)Compare Regions (13:86,476,090-86,513,703:1)View Sequence Alignments","0.02836","95.60 %","95.37 %","100","100.00","Yes"
"Prairie vole (Microtus ochrogaster)","1-to-1View Gene Tree","Tfdp1  (ENSMOCG00000006476)Compare Regions (JH996437.1:4,871,623-4,914,761:-1)View Sequence Alignments","0.03643","90.09 %","93.17 %","100","98.18","Yes"
"Ocean sunfish (Mola mola)","1-to-1View Gene Tree","tfdp1a  (ENSMMOG00000019868)Compare Regions (KV751321.1:10,056,297-10,063,538:-1)View Sequence Alignments","n/a","80.35 %","78.78 %","50","92.35","Yes"
"Opossum (Monodelphis domestica)","1-to-1View Gene Tree","TFDP1  (ENSMODG00000003737)Compare Regions (7:77,011,217-77,124,883:-1)View Sequence Alignments","0.02404","92.70 %","92.93 %","100","100.00","Yes"
"Swamp eel (Monopterus albus)","1-to-1View Gene Tree","tfdp1a  (ENSMALG00000005813)Compare Regions (KV884787.1:3,009,849-3,018,700:-1)View Sequence Alignments","n/a","78.21 %","78.78 %","100","91.21","Yes"
"Mouse (Mus musculus)","1-to-1View Gene Tree","Tfdp1  (ENSMUSG00000038482)Compare Regions (8:13,338,751-13,378,448:1)View Sequence Alignments","0.03101","93.90 %","93.90 %","100","99.42","Yes"
"Shrew mouse (Mus pahari)","1-to-1View Gene Tree","Tfdp1  (MGP_PahariEiJ_G0021302)Compare Regions (19:31,796,400-31,833,914:1)View Sequence Alignments","0.03282","93.65 %","82.68 %","100","94.54","Yes"
"Steppe mouse (Mus spicilegus)","1-to-manyView Gene Tree","ENSMSIG00000004978Compare Regions (QGOO01037170.1:1,579,916-1,580,782:1)View Sequence Alignments","0.03778","92.01 %","64.63 %","0","n/a","No"
"Steppe mouse (Mus spicilegus)","1-to-manyView Gene Tree","ENSMSIG00000005980Compare Regions (QGOO01037444.1:417,365-448,792:-1)View Sequence Alignments","0.03688","93.20 %","90.24 %","100","99.67","Yes"
"Steppe mouse (Mus spicilegus)","1-to-manyView Gene Tree","ENSMSIG00000017191Compare Regions (QGOO01037528.1:1,708,744-1,713,033:-1)View Sequence Alignments","n/a","51.68 %","18.78 %","0","n/a","No"
"Steppe mouse (Mus spicilegus)","1-to-manyView Gene Tree","ENSMSIG00000018120Compare Regions (QGOO01035487.1:121,243-123,429:1)View Sequence Alignments","0.07771","82.68 %","87.32 %","0","n/a","No"
"Algerian mouse (Mus spretus)","1-to-1View Gene Tree","Tfdp1  (MGP_SPRETEiJ_G0031949)Compare Regions (8:10,527,402-10,565,089:1)View Sequence Alignments","0.03056","93.90 %","93.90 %","100","99.17","Yes"
"Ferret (Mustela putorius furo)","1-to-1View Gene Tree","TFDP1  (ENSMPUG00000009700)Compare Regions (GL896915.1:460,634-486,537:-1)View Sequence Alignments","0.03878","93.66 %","93.66 %","100","99.60","Yes"
"Microbat (Myotis lucifugus)","1-to-1View Gene Tree","TFDP1  (ENSMLUG00000012165)Compare Regions (GL430162:414,541-442,212:1)View Sequence Alignments","0.05393","93.17 %","93.17 %","100","99.64","Yes"
"Upper Galilee mountains blind mole rat (Nannospalax galili)","1-to-1View Gene Tree","Tfdp1  (ENSNGAG00000020008)Compare Regions (KL203592.1:2,015,169-2,063,256:1)View Sequence Alignments","0.03297","93.67 %","93.90 %","100","99.56","Yes"
"Lyretail cichlid (Neolamprologus brichardi)","1-to-1View Gene Tree","tfdp1a  (ENSNBRG00000004270)Compare Regions (JH422286.1:3,074,847-3,084,117:1)View Sequence Alignments","n/a","77.72 %","78.29 %","50","92.65","Yes"
"American mink (Neovison vison)","1-to-1View Gene Tree","TFDP1  (ENSNVIG00000000051)Compare Regions (FNWR01000163.1:478,117-502,105:-1)View Sequence Alignments","0.02753","94.58 %","93.66 %","100","99.58","Yes"
"Gibbon (Nomascus leucogenys)","1-to-1View Gene Tree","TFDP1  (ENSNLEG00000000849)Compare Regions (5:141,739,196-141,775,706:1)View Sequence Alignments","0.03577","99.24 %","95.61 %","100","100.00","Yes"
"Wallaby (Notamacropus eugenii)","1-to-1View Gene Tree","ENSMEUG00000003211Compare Regions (GeneScaffold_9630:9,109-23,869:1)View Sequence Alignments","n/a","77.58 %","62.44 %","0","73.32","No"
"Mainland tiger snake (Notechis scutatus)","1-to-1View Gene Tree","TFDP1  (ENSNSUG00000018592)Compare Regions (ULFQ01000018.1:181,142-206,176:1)View Sequence Alignments","n/a","90.24 %","90.24 %","100","92.57","Yes"
"Chilean tinamou (Nothoprocta perdicaria)","1-to-manyView Gene Tree","ENSNPEG00000009121Compare Regions (PTEW01000427.1:126,479-144,336:1)View Sequence Alignments","n/a","90.00 %","21.95 %","75","61.56","No"
"Chilean tinamou (Nothoprocta perdicaria)","1-to-manyView Gene Tree","ENSNPEG00000009126Compare Regions (PTEW01000427.1:145,542-152,709:1)View Sequence Alignments","n/a","91.75 %","65.12 %","75","87.81","Yes"
"Helmeted guineafowl (Numida meleagris)","1-to-1View Gene Tree","TFDP1  (ENSNMEG00000017785)Compare Regions (1:135,114,381-135,151,454:-1)View Sequence Alignments","n/a","90.02 %","90.24 %","100","99.05","Yes"
"Degu (Octodon degus)","1-to-manyView Gene Tree","ENSODEG00000009187Compare Regions (JH651554.1:424,406-454,518:-1)View Sequence Alignments","n/a","90.34 %","63.90 %","100","100.00","Yes"
"Degu (Octodon degus)","1-to-manyView Gene Tree","ENSODEG00000020316Compare Regions (JH651607.1:3,446,359-3,447,723:1)View Sequence Alignments","n/a","77.97 %","86.34 %","0","1.65","No"
"Tilapia (Oreochromis niloticus)","1-to-1View Gene Tree","tfdp1a  (ENSONIG00000014194)Compare Regions (GL831258.1:319,146-329,260:1)View Sequence Alignments","n/a","77.97 %","78.54 %","50","92.60","Yes"
"Platypus (Ornithorhynchus anatinus)","1-to-1View Gene Tree","TFDP1  (ENSOANG00000015627)Compare Regions (Ultra336:9,350,994-9,395,960:-1)View Sequence Alignments","n/a","89.41 %","92.68 %","75","98.31","Yes"
"Rabbit (Oryctolagus cuniculus)","1-to-1View Gene Tree","TFDP1  (ENSOCUG00000006771)Compare Regions (GL018956:22,835-57,218:-1)View Sequence Alignments","0.02344","94.88 %","94.88 %","100","100.00","Yes"
"Japanese medaka HdrR (Oryzias latipes)","1-to-1View Gene Tree","tfdp1a  (ENSORLG00000012628)Compare Regions (21:10,670,430-10,689,533:-1)View Sequence Alignments","n/a","77.72 %","78.29 %","50","83.54","Yes"
"Japanese medaka HNI (Oryzias latipes)","1-to-1View Gene Tree","tfdp1  (ENSORLG00020010378)Compare Regions (21:10,001,406-10,016,792:-1)View Sequence Alignments","n/a","77.72 %","78.29 %","50","83.53","Yes"
"Japanese medaka HSOK (Oryzias latipes)","1-to-1View Gene Tree","tfdp1  (ENSORLG00015013644)Compare Regions (21:11,246,549-11,261,850:-1)View Sequence Alignments","n/a","77.72 %","78.29 %","50","83.53","Yes"
"Indian medaka (Oryzias melastigma)","1-to-1View Gene Tree","tfdp1a  (ENSOMEG00000010606)Compare Regions (NVQA01000019.1:23,374,135-23,391,972:-1)View Sequence Alignments","n/a","77.00 %","77.56 %","50","83.60","Yes"
"Bushbaby (Otolemur garnettii)","1-to-1View Gene Tree","TFDP1  (ENSOGAG00000003532)Compare Regions (GL873680.1:424,648-466,004:-1)View Sequence Alignments","0.02906","97.32 %","97.32 %","100","100.00","Yes"
"Sheep (Ovis aries)","1-to-1View Gene Tree","TFDP1  (ENSOARG00000008441)Compare Regions (10:86,049,251-86,064,887:1)View Sequence Alignments","n/a","85.61 %","55.12 %","100","78.92","Yes"
"Bonobo (Pan paniscus)","1-to-1View Gene Tree","TFDP1  (ENSPPAG00000031115)Compare Regions (13:113,789,280-113,840,825:1)View Sequence Alignments","0.06752","99.27 %","99.51 %","100","100.00","Yes"
"Chimpanzee (Pan troglodytes)","1-to-1View Gene Tree","TFDP1  (ENSPTRG00000048704)Compare Regions (13:99,619,750-99,667,137:1)View Sequence Alignments","0.35406","96.31 %","82.68 %","100","99.70","Yes"
"Leopard (Panthera pardus)","1-to-1View Gene Tree","TFDP1  (ENSPPRG00000011390)Compare Regions (KV860282.1:588,083-633,407:-1)View Sequence Alignments","0.03047","94.13 %","93.90 %","100","100.00","Yes"
"Tiger (Panthera tigris altaica)","1-to-1View Gene Tree","TFDP1  (ENSPTIG00000017077)Compare Regions (KE721637.1:591,246-631,428:-1)View Sequence Alignments","0.03552","90.93 %","92.93 %","100","100.00","Yes"
"Olive baboon (Papio anubis)","1-to-1View Gene Tree","TFDP1  (ENSPANG00000007195)Compare Regions (17:90,762,384-90,815,684:1)View Sequence Alignments","n/a","100.00 %","100.00 %","100","100.00","Yes"
"Paramormyrops kingsleyae (Paramormyrops kingsleyae)","1-to-manyView Gene Tree","ENSPKIG00000008125Compare Regions (PGUA01000144.1:98,986-109,601:-1)View Sequence Alignments","n/a","80.65 %","79.27 %","25","5.54","No"
"Paramormyrops kingsleyae (Paramormyrops kingsleyae)","1-to-manyView Gene Tree","TFDP1  (ENSPKIG00000009395)Compare Regions (PGUA01000108.1:236,094-246,307:-1)View Sequence Alignments","n/a","80.74 %","79.76 %","75","87.46","Yes"
"Great Tit (Parus major)","1-to-1View Gene Tree","TFDP1  (ENSPMJG00000011600)Compare Regions (1:25,742,066-25,777,673:1)View Sequence Alignments","n/a","90.53 %","90.98 %","100","99.05","Yes"
"Chinese softshell turtle (Pelodiscus sinensis)","1-to-1View Gene Tree","TFDP1  (ENSPSIG00000007116)Compare Regions (JH209556.1:3,653-117,766:1)View Sequence Alignments","n/a","90.53 %","90.98 %","50","99.05","Yes"
"Periophthalmus magnuspinnatus (Periophthalmus magnuspinnatus)","1-to-1View Gene Tree","tfdp1a  (ENSPMGG00000010672)Compare Regions (KN462133.1:990,839-993,585:-1)View Sequence Alignments","n/a","79.70 %","78.54 %","50","84.00","Yes"
"Northern American deer mouse (Peromyscus maniculatus bairdii)","1-to-1View Gene Tree","Tfdp1  (ENSPEMG00000020251)Compare Regions (17:55,112,044-55,154,602:-1)View Sequence Alignments","0.02961","94.15 %","94.15 %","100","100.00","Yes"
"Koala (Phascolarctos cinereus)","1-to-1View Gene Tree","TFDP1  (ENSPCIG00000015609)Compare Regions (MSTS01000159.1:4,634,001-4,771,180:1)View Sequence Alignments","0.03297","87.73 %","92.44 %","100","97.14","Yes"
"Ugandan red Colobus (Piliocolobus tephrosceles)","1-to-1View Gene Tree","TFDP1  (ENSPTEG00000037700)Compare Regions (PDMG02000265.1:806,986-862,842:1)View Sequence Alignments","n/a","100.00 %","99.02 %","100","100.00","Yes"
"Amazon molly (Poecilia formosa)","1-to-1View Gene Tree","tfdp1a  (ENSPFOG00000015018)Compare Regions (KI519680.1:1,013,324-1,023,525:1)View Sequence Alignments","n/a","78.05 %","78.05 %","50","84.05","Yes"
"Sailfin molly (Poecilia latipinna)","1-to-1View Gene Tree","tfdp1a  (ENSPLAG00000020307)Compare Regions (KQ546045.1:205,866-215,421:1)View Sequence Alignments","n/a","78.05 %","78.05 %","50","83.88","Yes"
"Shortfin molly (Poecilia mexicana)","1-to-1View Gene Tree","tfdp1a  (ENSPMEG00000022566)Compare Regions (KQ551738.1:182,086-193,112:1)View Sequence Alignments","n/a","78.05 %","78.05 %","50","84.08","Yes"
"Guppy (Poecilia reticulata)","1-to-1View Gene Tree","tfdp1a  (ENSPREG00000009556)Compare Regions (LG2:18,720,271-18,730,291:-1)View Sequence Alignments","n/a","78.05 %","78.05 %","50","83.90","Yes"
"Central bearded dragon (Pogona vitticeps)","1-to-1View Gene Tree","TFDP1  (ENSPVIG00000022056)Compare Regions (CEMB01014844.1:418,314-446,215:1)View Sequence Alignments","n/a","90.31 %","90.98 %","100","99.05","Yes"
"Orangutan (Pongo abelii)","1-to-1View Gene Tree","TFDP1  (ENSPPYG00000025889)Compare Regions (13:116,246,768-116,302,093:1)View Sequence Alignments","n/a","100.00 %","100.00 %","100","100.00","Yes"
"Hyrax (Procavia capensis)","1-to-1View Gene Tree","TFDP1  (ENSPCAG00000000694)Compare Regions (GeneScaffold_7250:30,359-52,686:1)View Sequence Alignments","n/a","93.39 %","86.10 %","0","97.19","Yes"
"Greater bamboo lemur (Prolemur simus)","1-to-1View Gene Tree","TFDP1  (ENSPSMG00000016704)Compare Regions (MPIZ01000563.1:369,073-408,554:-1)View Sequence Alignments","0.02408","95.84 %","95.61 %","100","100.00","Yes"
"Coquerel's sifaka (Propithecus coquereli)","1-to-1View Gene Tree","TFDP1  (ENSPCOG00000020793)Compare Regions (KQ027977.1:360,859-403,522:1)View Sequence Alignments","0.04328","94.38 %","94.15 %","100","100.00","Yes"
"Megabat (Pteropus vampyrus)","1-to-1View Gene Tree","TFDP1  (ENSPVAG00000013413)Compare Regions (GeneScaffold_2301:131,995-174,755:1)View Sequence Alignments","n/a","91.48 %","91.71 %","100","99.92","Yes"
"Makobe Island cichlid (Pundamilia nyererei)","1-to-1View Gene Tree","tfdp1a  (ENSPNYG00000014583)Compare Regions (JH419260.1:2,959,057-2,966,630:1)View Sequence Alignments","n/a","77.97 %","78.54 %","50","92.69","Yes"
"Red-bellied piranha (Pygocentrus nattereri)","1-to-manyView Gene Tree","tfdp1b  (ENSPNAG00000001561)Compare Regions (KV575364.1:761,826-780,444:1)View Sequence Alignments","n/a","68.75 %","67.07 %","100","n/a","Yes"
"Red-bellied piranha (Pygocentrus nattereri)","1-to-manyView Gene Tree","tfdp1a  (ENSPNAG00000019436)Compare Regions (KV575323.1:2,422,955-2,441,421:1)View Sequence Alignments","n/a","80.59 %","80.00 %","25","92.17","Yes"
"Rat (Rattus norvegicus)","1-to-1View Gene Tree","Tfdp1  (ENSRNOG00000019222)Compare Regions (16:81,089,292-81,127,257:1)View Sequence Alignments","0.02878","93.90 %","93.90 %","75","100.00","Yes"
"Black snub-nosed monkey (Rhinopithecus bieti)","1-to-1View Gene Tree","TFDP1  (ENSRBIG00000030425)Compare Regions (MCGX01020929.1:345,198-407,938:-1)View Sequence Alignments","0.03348","99.51 %","99.51 %","100","100.00","Yes"
"Golden snub-nosed monkey (Rhinopithecus roxellana)","1-to-1View Gene Tree","TFDP1  (ENSRROG00000031221)Compare Regions (KN297264.1:553,088-610,841:-1)View Sequence Alignments","0.01875","99.76 %","99.76 %","100","100.00","Yes"
"Bolivian squirrel monkey (Saimiri boliviensis boliviensis)","1-to-manyView Gene Tree","ENSSBOG00000024639Compare Regions (JH378210.1:2,515,139-2,516,346:-1)View Sequence Alignments","0.52181","81.67 %","71.71 %","0","n/a","No"
"Bolivian squirrel monkey (Saimiri boliviensis boliviensis)","1-to-manyView Gene Tree","ENSSBOG00000030012Compare Regions (JH378133.1:22,426,045-22,483,439:1)View Sequence Alignments","0.04310","98.05 %","98.29 %","100","100.00","Yes"
"Argentine black and white tegu (Salvator merianae)","1-to-1View Gene Tree","TFDP1  (ENSSMRG00000001345)Compare Regions (QVOM01000001.1:5,193,243-5,235,388:1)View Sequence Alignments","n/a","89.02 %","89.02 %","100","93.57","Yes"
"Tasmanian devil (Sarcophilus harrisii)","1-to-1View Gene Tree","TFDP1  (ENSSHAG00000015145)Compare Regions (GL849842.1:1,702,913-1,847,448:-1)View Sequence Alignments","0.02679","92.70 %","92.93 %","100","50.58","Yes"
"Asian bonytongue (Scleropages formosus)","1-to-manyView Gene Tree","ENSSFOG00015000387Compare Regions (KV410975.1:84,066-92,112:1)View Sequence Alignments","n/a","60.50 %","76.59 %","25","13.27","No"
"Asian bonytongue (Scleropages formosus)","1-to-manyView Gene Tree","TFDP1  (ENSSFOG00015007745)Compare Regions (KV410797.1:549,137-558,058:-1)View Sequence Alignments","n/a","81.48 %","80.49 %","75","78.18","Yes"
"Turbot (Scophthalmus maximus)","1-to-1View Gene Tree","tfdp1a  (ENSSMAG00000019629)Compare Regions (14:15,181,304-15,190,256:1)View Sequence Alignments","n/a","78.45 %","79.02 %","50","91.22","Yes"
"Common canary (Serinus canaria)","1-to-1View Gene Tree","TFDP1  (ENSSCAG00000004434)Compare Regions (HG009213.1:69,556,421-69,592,683:-1)View Sequence Alignments","n/a","90.78 %","91.22 %","100","99.05","Yes"
"Greater amberjack (Seriola dumerili)","1-to-1View Gene Tree","tfdp1a  (ENSSDUG00000006151)Compare Regions (BDQW01000052.1:15,107,515-15,117,790:1)View Sequence Alignments","n/a","77.97 %","78.54 %","50","91.22","Yes"
"Yellowtail amberjack (Seriola lalandi dorsalis)","1-to-1View Gene Tree","tfdp1a  (ENSSLDG00000018465)Compare Regions (PEQF01099038.1:179,355-186,206:-1)View Sequence Alignments","n/a","78.21 %","78.78 %","50","91.24","Yes"
"Daurian ground squirrel (Spermophilus dauricus)","1-to-1View Gene Tree","TFDP1  (ENSSDAG00000017582)Compare Regions (KZ295242.1:409,204-445,672:1)View Sequence Alignments","n/a","93.17 %","93.17 %","100","100.00","Yes"
"Tuatara (Sphenodon punctatus)","1-to-1View Gene Tree","TFDP1  (ENSSPUG00000002220)Compare Regions (QEPC01000754.1:2,794,949-2,887,267:-1)View Sequence Alignments","n/a","90.53 %","90.98 %","100","99.04","Yes"
"Bicolor damselfish (Stegastes partitus)","1-to-1View Gene Tree","tfdp1a  (ENSSPAG00000006545)Compare Regions (KK580126.1:760,858-770,108:1)View Sequence Alignments","n/a","77.97 %","78.54 %","25","91.38","Yes"
"Pig (Sus scrofa)","1-to-1View Gene Tree","TFDP1  (ENSSSCG00000009560)Compare Regions (11:78,755,532-78,783,810:1)View Sequence Alignments","n/a","90.91 %","92.68 %","100","99.72","Yes"
"Zebra Finch (Taeniopygia guttata)","1-to-1View Gene Tree","TFDP1  (ENSTGUG00000009272)Compare Regions (1:26,267,195-26,289,660:1)View Sequence Alignments","n/a","90.69 %","90.24 %","100","99.53","Yes"
"Fugu (Takifugu rubripes)","1-to-1View Gene Tree","tfdp1a  (ENSTRUG00000013098)Compare Regions (1:12,984,474-12,991,031:-1)View Sequence Alignments","n/a","77.18 %","77.56 %","50","87.69","Yes"
"Tetraodon (Tetraodon nigroviridis)","1-to-1View Gene Tree","tfdp1a  (ENSTNIG00000013889)Compare Regions (2:11,513,047-11,516,450:-1)View Sequence Alignments","n/a","75.74 %","75.37 %","50","83.22","Yes"
"Gelada (Theropithecus gelada)","1-to-1View Gene Tree","TFDP1  (ENSTGEG00000016227)Compare Regions (17:51,993,901-52,049,574:1)View Sequence Alignments","n/a","100.00 %","100.00 %","100","100.00","Yes"
"Dolphin (Tursiops truncatus)","1-to-1View Gene Tree","TFDP1  (ENSTTRG00000004674)Compare Regions (GeneScaffold_2022:95,011-123,809:1)View Sequence Alignments","n/a","81.22 %","81.22 %","100","92.40","Yes"
"Arctic ground squirrel (Urocitellus parryii)","1-to-1View Gene Tree","TFDP1  (ENSUPAG00010019917)Compare Regions (QVIC01001290.1:51,987-83,184:1)View Sequence Alignments","n/a","93.41 %","93.41 %","50","100.00","Yes"
"American black bear (Ursus americanus)","1-to-1View Gene Tree","TFDP1  (ENSUAMG00000006541)Compare Regions (LZNR01003018.1:218,087-249,415:1)View Sequence Alignments","0.04033","81.34 %","94.63 %","75","97.01","Yes"
"Polar bear (Ursus maritimus)","1-to-1View Gene Tree","TFDP1  (ENSUMAG00000020802)Compare Regions (KK498537.1:508,714-533,332:-1)View Sequence Alignments","0.03257","94.66 %","95.12 %","100","99.20","Yes"
"Alpaca (Vicugna pacos)","1-to-1View Gene Tree","ENSVPAG00000011007Compare Regions (GeneScaffold_3419:143-3,131:1)View Sequence Alignments","n/a","57.33 %","31.46 %","0","56.21","No"
"Red fox (Vulpes vulpes)","1-to-1View Gene Tree","TFDP1  (ENSVVUG00000013603)Compare Regions (NBDQ01000074.1:488,138-530,245:-1)View Sequence Alignments","0.03388","95.12 %","95.12 %","100","100.00","Yes"
"Xenopus (Xenopus tropicalis)","1-to-1View Gene Tree","tfdp1  (ENSXETG00000017776)Compare Regions (GL172889.1:76,409-100,607:1)View Sequence Alignments","n/a","86.37 %","86.59 %","100","100.00","Yes"
"Monterrey platyfish (Xiphophorus couchianus)","1-to-1View Gene Tree","tfdp1a  (ENSXCOG00000018861)Compare Regions (KQ557222.1:10,274,353-10,279,050:-1)View Sequence Alignments","n/a","76.31 %","74.63 %","50","84.92","Yes"
"Platyfish (Xiphophorus maculatus)","1-to-1View Gene Tree","tfdp1a  (ENSXMAG00000011667)Compare Regions (7:12,470,582-12,481,292:-1)View Sequence Alignments","n/a","77.32 %","77.32 %","50","84.15","Yes"
"White-throated sparrow (Zonotrichia albicollis)","1-to-1View Gene Tree","TFDP1  (ENSZALG00000006892)Compare Regions (KB913096.1:2,246,751-2,283,364:-1)View Sequence Alignments","n/a","90.05 %","90.49 %","100","99.05","Yes"
